Target Word,English Meaning,Example Sentence,English Translation
opportunity,a favourable chance,There are many opportunities in this city.,There are many opportunities in this city.
to explain,to make something clear,Can you explain that to me, please?,Can you explain that to me, please?
result,the outcome of something,The result of the exam was surprising.,The result of the exam was surprising.
responsibility,a duty or obligation,This task involves a great responsibility.,This task involves a great responsibility.
to compare,to examine similarities and differences,You should always compare prices.,You should always compare prices.
however,used to contrast two ideas,I like this city; however it is very expensive.,I like this city; however it is very expensive.
solution,an answer to a problem,We are looking for a practical solution to the problem.,We are looking for a practical solution to the problem.
clear,easy to understand / obvious,His explanation was very clear.,His explanation was very clear.
to take care of,to look after someone,She takes care of her elderly mother.,She takes care of her elderly mother.
atmosphere,the mood or feeling of a place,The atmosphere of the restaurant is very pleasant.,The atmosphere of the restaurant is very pleasant.
to develop,to grow or build something over time,It is necessary to develop new skills.,It is necessary to develop new skills.
to improve,to make something better,I want to improve my level of English.,I want to improve my level of English.
to succeed,to achieve a desired goal,She managed to pass the exam with excellent marks.,She managed to pass the exam with excellent marks.
to participate,to take part in something,Everyone must participate in the meeting.,Everyone must participate in the meeting.
difficulty,a challenge or problem,This project presents some difficulties.,This project presents some difficulties.
